customer_state,product_category_name,Count_industry,Average Price per state
SP,cama_mesa_banho,5603,90.05161342135284
RS,cama_mesa_banho,670,94.47867164167164
PB,cama_mesa_banho,32,105.14031250000001
SC,cama_mesa_banho,348,94.74008620721264
RJ,cama_mesa_banho,1761,90.7029926177683
MG,cama_mesa_banho,1406,97.73647226173543
PR,cama_mesa_banho,484,98.69683884297521
ES,cama_mesa_banho,241,99.34248962655602
MT,cama_mesa_banho,70,101.54985714142857
PA,cama_mesa_banho,42,88.36690476190476
DF,cama_mesa_banho,220,77.57586363595453
BA,cama_mesa_banho,273,96.84021978021978
PE,cama_mesa_banho,92,101.90771739130435
MS,cama_mesa_banho,74,86.89864864864865
MA,cama_mesa_banho,40,107.58075000000001
GO,cama_mesa_banho,253,97.23383399241106
CE,cama_mesa_banho,89,82.08078651685393
PI,cama_mesa_banho,33,105.72272727303032
RN,cama_mesa_banho,34,104.67764705588236
SE,cama_mesa_banho,15,120.81133333333334
AM,cama_mesa_banho,9,87.9
AL,cama_mesa_banho,19,105.58631578947369
RO,cama_mesa_banho,15,115.48466666666667
TO,cama_mesa_banho,10,101.083
AP,cama_mesa_banho,6,111.58333333333333
AC,cama_mesa_banho,4,141.925
RR,cama_mesa_banho,3,203.23333333333332
SP,beleza_saude,4309,109.44621721981991
PE,beleza_saude,237,175.2046835443038
MG,beleza_saude,1101,143.5684922797457
PR,beleza_saude,431,128.98122969837587
RS,beleza_saude,456,123.27655701754387
BA,beleza_saude,390,143.30666666666667
RJ,beleza_saude,1098,133.17719489981783
SC,beleza_saude,315,127.47638095238095
GO,beleza_saude,233,123.8720600858369
DF,beleza_saude,251,121.56776892430278
TO,beleza_saude,36,133.30527777777777
AL,beleza_saude,68,200.55308823529413
PA,beleza_saude,108,221.6279629638889
AM,beleza_saude,21,139.31809523809525
CE,beleza_saude,172,198.0086046511628
MS,beleza_saude,68,182.10970588235293
RO,beleza_saude,28,260.86642857142857
MA,beleza_saude,90,145.19055555555556
RN,beleza_saude,68,254.5039705882353
MT,beleza_saude,92,168.30097826097827
ES,beleza_saude,167,121.09634730538922
PB,beleza_saude,84,204.32119047619048
AC,beleza_saude,7,198.08285714285714
PI,beleza_saude,57,197.28947368421052
SE,beleza_saude,40,222.0915
AP,beleza_saude,10,138.058
RR,beleza_saude,7,150.08714285714285
DF,esporte_lazer,227,101.86629955947137
BA,esporte_lazer,307,131.044332247557
RS,esporte_lazer,499,111.15905811617235
SP,esporte_lazer,3806,105.2717945349422
RJ,esporte_lazer,1082,123.93158964879854
CE,esporte_lazer,94,113.49212765957446
PE,esporte_lazer,151,135.43582781456954
MG,esporte_lazer,1004,115.3496912350498
MS,esporte_lazer,82,119.46451219512196
PR,esporte_lazer,490,119.96420408163264
GO,esporte_lazer,172,119.95325581395349
ES,esporte_lazer,179,113.76307262569833
PI,esporte_lazer,35,163.87685714285712
PA,esporte_lazer,84,146.83261904761906
RN,esporte_lazer,23,181.7982608695652
AL,esporte_lazer,34,116.63764705882352
SC,esporte_lazer,373,121.98458445040214
PB,esporte_lazer,35,142.13485714285716
MT,esporte_lazer,77,125.23272727272727
SE,esporte_lazer,35,89.05485714285714
TO,esporte_lazer,26,212.82
MA,esporte_lazer,65,131.32399999999998
AM,esporte_lazer,14,109.10714285714286
AC,esporte_lazer,9,186.38444444444445
RO,esporte_lazer,21,160.51809523809524
AP,esporte_lazer,8,110.96125
RR,esporte_lazer,8,168.825
RS,moveis_decoracao,575,97.03193043476523
SP,moveis_decoracao,3759,81.28769087522214
MG,moveis_decoracao,1001,84.1254845151948
RJ,moveis_decoracao,1151,91.08718505647263
DF,moveis_decoracao,157,78.22292993624204
SC,moveis_decoracao,360,91.04894444444446
GO,moveis_decoracao,127,100.11724409448819
MS,moveis_decoracao,65,88.764
PR,moveis_decoracao,541,95.41818853974122
PE,moveis_decoracao,100,97.6617999999
RN,moveis_decoracao,29,111.7751724137931
BA,moveis_decoracao,268,92.44287313432835
AL,moveis_decoracao,34,109.21441176470589
MA,moveis_decoracao,48,94.73604166666667
CE,moveis_decoracao,90,103.68044444444445
ES,moveis_decoracao,146,88.35082191767123
MT,moveis_decoracao,68,91.1189705882353
TO,moveis_decoracao,18,113.72722222222222
PA,moveis_decoracao,74,127.04243243243242
RR,moveis_decoracao,6,98.49833333333333
PB,moveis_decoracao,44,107.5343181818182
SE,moveis_decoracao,25,136.3436
AC,moveis_decoracao,12,109.70333333333333
AM,moveis_decoracao,4,53.82
RO,moveis_decoracao,13,118.85999999230769
PI,moveis_decoracao,22,68.88272727272728
AP,moveis_decoracao,3,90.26666666666667
SP,informatica_acessorios,3255,110.16235330277112
MG,informatica_acessorios,1036,110.77072393823359
PR,informatica_acessorios,398,113.26733668339195
RS,informatica_acessorios,521,123.13007677541266
RJ,informatica_acessorios,1032,118.53583333334304
ES,informatica_acessorios,154,99.41396103902598
PE,informatica_acessorios,113,120.60884955752212
SE,informatica_acessorios,36,112.58055555555556
BA,informatica_acessorios,267,129.90310861460674
RN,informatica_acessorios,32,87.5396875
GO,informatica_acessorios,126,110.9057936515873
SC,informatica_acessorios,332,115.92
CE,informatica_acessorios,105,138.61533333333333
DF,informatica_acessorios,170,150.37582352941178
MS,informatica_acessorios,63,156.8061904761905
MA,informatica_acessorios,76,167.68723684210525
AL,informatica_acessorios,41,188.1551219512195
PA,informatica_acessorios,95,135.31252631578948
PB,informatica_acessorios,56,125.99589285714286
MT,informatica_acessorios,73,124.62849315068492
PI,informatica_acessorios,35,147.31885714285713
TO,informatica_acessorios,23,197.5813043478261
AC,informatica_acessorios,9,143.38666666666666
RO,informatica_acessorios,23,90.50304347826088
RR,informatica_acessorios,5,93.602
AP,informatica_acessorios,10,225.452
AM,informatica_acessorios,19,99.98473684210526
SP,utilidades_domesticas,3451,84.5699217617879
PR,utilidades_domesticas,367,98.81239782013623
RJ,utilidades_domesticas,929,87.83123789020452
MG,utilidades_domesticas,880,91.73607954544319
GO,utilidades_domesticas,135,112.014
BA,utilidades_domesticas,170,103.17747058823528
ES,utilidades_domesticas,116,102.56310344827585
MT,utilidades_domesticas,55,70.24345454545454
RS,utilidades_domesticas,446,88.59973094168161
DF,utilidades_domesticas,159,82.34440251559748
SC,utilidades_domesticas,269,101.09728624542751
PA,utilidades_domesticas,40,124.30025
PE,utilidades_domesticas,65,88.77353846153846
TO,utilidades_domesticas,16,84.346874999375
MA,utilidades_domesticas,24,99.36500000000001
CE,utilidades_domesticas,60,138.82533333333333
RN,utilidades_domesticas,26,72.91807692307692
SE,utilidades_domesticas,11,131.5890909090909
MS,utilidades_domesticas,40,280.29325
PB,utilidades_domesticas,23,106.24782608695651
AL,utilidades_domesticas,10,102.036
PI,utilidades_domesticas,21,125.67571428571429
AM,utilidades_domesticas,4,102.17250000000001
AP,utilidades_domesticas,4,122.6225
AC,utilidades_domesticas,4,128.26500000000001
RO,utilidades_domesticas,6,114.32833333333333
SP,relogios_presentes,2341,192.17578812472874
RJ,relogios_presentes,878,212.68668564919133
RS,relogios_presentes,241,209.76883817431533
SC,relogios_presentes,190,185.07542105263158
MG,relogios_presentes,647,196.38901081916538
RN,relogios_presentes,48,208.38375
PR,relogios_presentes,326,189.99963190184047
BA,relogios_presentes,245,209.78163265306122
TO,relogios_presentes,30,181.56300000000002
ES,relogios_presentes,150,183.68800000000002
CE,relogios_presentes,150,206.7052
DF,relogios_presentes,152,219.76486842105265
PI,relogios_presentes,44,185.45409090909092
PE,relogios_presentes,177,182.9020903955932
PB,relogios_presentes,44,327.0177272727273
AL,relogios_presentes,38,334.0573684210526
PA,relogios_presentes,78,312.6442307692308
SE,relogios_presentes,20,144.8
GO,relogios_presentes,158,241.07417721518988
MT,relogios_presentes,62,244.77112903225805
RO,relogios_presentes,15,303.5513333333334
MS,relogios_presentes,40,165.5075
MA,relogios_presentes,63,164.1288888888889
AM,relogios_presentes,10,174.13600000000002
AC,relogios_presentes,5,470.23999999999995
AP,relogios_presentes,8,204.975
RR,relogios_presentes,1,219.0
SC,telefonia,178,75.35606741573034
BA,telefonia,269,92.83434944237918
SE,telefonia,31,78.73677419354838
MG,telefonia,495,72.73040404040404
DF,telefonia,101,67.67762376237623
SP,telefonia,1706,63.37407385697538
PA,telefonia,77,91.9261038961039
MT,telefonia,68,51.656323529411765
AP,telefonia,4,76.19500000000001
CE,telefonia,102,74.56676470588236
PE,telefonia,134,81.8010447761194
ES,telefonia,113,82.25203539823008
RS,telefonia,294,65.28969387755102
GO,telefonia,131,48.62442748091603
AC,telefonia,5,220.792
RJ,telefonia,439,87.50886104783599
RN,telefonia,32,177.7825
PR,telefonia,260,53.31061538461539
MA,telefonia,66,76.62151515151515
PB,telefonia,27,117.49703703703705
TO,telefonia,21,60.38666666666667
RO,telefonia,19,34.58736842105263
AL,telefonia,29,155.90137931034485
RR,telefonia,4,25.1075
MS,telefonia,28,52.70321428571429
PI,telefonia,42,84.29904761904761
AM,telefonia,15,51.06666666666667
RJ,ferramentas_jardim,692,111.37157514450868
RR,ferramentas_jardim,2,105.0
TO,ferramentas_jardim,13,92.79230769230769
MG,ferramentas_jardim,628,98.47299363057326
RS,ferramentas_jardim,302,124.842880794702
RO,ferramentas_jardim,7,79.34285714285714
SP,ferramentas_jardim,1625,100.17372923076923
PR,ferramentas_jardim,228,96.20495614035087
MA,ferramentas_jardim,24,90.64458333333333
MS,ferramentas_jardim,23,222.1504347826087
CE,ferramentas_jardim,62,105.29725806451613
SC,ferramentas_jardim,185,129.80124324324325
DF,ferramentas_jardim,56,164.23535714285714
GO,ferramentas_jardim,120,131.94308333333333
BA,ferramentas_jardim,183,133.76633879781423
PI,ferramentas_jardim,19,203.5921052631579
PE,ferramentas_jardim,75,107.54146666666666
AL,ferramentas_jardim,15,116.538
ES,ferramentas_jardim,107,101.56196261672898
PA,ferramentas_jardim,34,163.4329411764706
SE,ferramentas_jardim,31,116.51387096774194
PB,ferramentas_jardim,14,395.0078571428571
RN,ferramentas_jardim,21,153.37666666666667
MT,ferramentas_jardim,82,242.64060975609755
AM,ferramentas_jardim,5,396.17600000000004
AP,ferramentas_jardim,2,119.995
AC,ferramentas_jardim,2,314.5
GO,automotivo,80,118.208125
PR,automotivo,239,119.71887029288703
RJ,automotivo,458,146.82561135368996
SP,automotivo,1803,122.87049916804216
BA,automotivo,162,189.46234567901234
PA,automotivo,53,149.08622641509433
DF,automotivo,113,154.76141592920354
MA,automotivo,41,133.8892682926829
PE,automotivo,87,143.10287356206896
MG,automotivo,537,140.17970204860336
ES,automotivo,91,158.23032967032967
SC,automotivo,186,140.57940860215055
RS,automotivo,195,141.05841025641024
MT,automotivo,61,200.95754098360655
CE,automotivo,61,231.07360655737705
PI,automotivo,35,291.7022857142857
PB,automotivo,25,174.45080000000002
AL,automotivo,21,160.88761904761904
SE,automotivo,21,113.04190476190476
AC,automotivo,5,121.394
MS,automotivo,26,274.71730769230766
TO,automotivo,16,151.1775
RN,automotivo,20,215.829
AM,automotivo,6,120.64999999999999
RO,automotivo,10,138.916
RR,automotivo,1,219.9
AP,automotivo,3,405.4633333333333
SP,brinquedos,1756,107.7286958997779
RJ,brinquedos,595,124.15126050420169
RS,brinquedos,223,133.3332735426009
PE,brinquedos,69,134.99405797101448
DF,brinquedos,101,123.60336633762375
PR,brinquedos,211,117.48009478672985
BA,brinquedos,128,123.493671875
MG,brinquedos,510,118.57768627450982
CE,brinquedos,66,119.83772727272728
ES,brinquedos,100,110.7154
MS,brinquedos,36,110.40472222222223
SC,brinquedos,121,131.4904958677686
AL,brinquedos,12,87.75583333333333
RN,brinquedos,25,78.5808
GO,brinquedos,91,95.74901098901098
PA,brinquedos,30,132.85399999999998
RO,brinquedos,15,205.26999999999998
MA,brinquedos,25,137.6812
PI,brinquedos,29,138.20275862068965
MT,brinquedos,47,128.49510638276595
PB,brinquedos,19,262.7926315789474
SE,brinquedos,11,100.02636363636363
TO,brinquedos,13,143.39615384615382
AM,brinquedos,7,103.08000000000001
AP,brinquedos,3,99.28000000000002
AC,brinquedos,3,78.26333333333334
RJ,cool_stuff,531,158.7896233521657
SP,cool_stuff,1440,154.1369652777778
ES,cool_stuff,70,162.06742857142856
GO,cool_stuff,101,223.4471287128713
MG,cool_stuff,472,156.72449152542373
MS,cool_stuff,29,243.92931034482757
RS,cool_stuff,279,175.00931899641577
DF,cool_stuff,83,153.00192771084338
PE,cool_stuff,83,175.76156626506025
PI,cool_stuff,21,172.18428571428572
PR,cool_stuff,227,169.45687224669604
CE,cool_stuff,49,245.62081632653062
BA,cool_stuff,161,169.19372670807454
MA,cool_stuff,35,218.58228571428572
AL,cool_stuff,19,150.5742105263158
TO,cool_stuff,16,214.338125
SC,cool_stuff,167,179.45838323347306
SE,cool_stuff,18,337.0372222222222
PA,cool_stuff,48,151.52270833333333
PB,cool_stuff,23,205.6591304347826
MT,cool_stuff,46,161.05478260869566
RO,cool_stuff,13,187.7030769230769
RN,cool_stuff,21,183.82285714285715
RR,cool_stuff,2,64.99
AC,cool_stuff,1,99.99
AM,cool_stuff,4,159.72
AP,cool_stuff,2,157.0
BA,perfumaria,89,117.01887640449439
MG,perfumaria,420,120.21523809523809
GO,perfumaria,113,113.03690265486726
SP,perfumaria,1542,111.81920881971466
RJ,perfumaria,463,118.8714686825054
MT,perfumaria,31,96.19774193548388
PR,perfumaria,156,102.77108974358976
MA,perfumaria,32,140.4240625
DF,perfumaria,92,111.90347826086958
ES,perfumaria,74,95.11945945972973
PE,perfumaria,51,129.83764705882353
RS,perfumaria,159,131.05666666666664
SC,perfumaria,127,113.02496062992127
AL,perfumaria,14,150.96785714285716
AC,perfumaria,3,101.29333333333334
RN,perfumaria,21,141.45666666666668
CE,perfumaria,58,152.2005172413793
PB,perfumaria,18,133.44833333333335
PI,perfumaria,16,119.035
PA,perfumaria,39,121.00153846153847
TO,perfumaria,14,145.28071428571428
RO,perfumaria,6,215.21666666666667
SE,perfumaria,7,124.10285714285715
MS,perfumaria,27,68.51481481481481
RR,perfumaria,1,244.0
AM,perfumaria,2,47.445
SC,bebes,113,141.2253982300885
BA,bebes,105,148.9952380952381
SP,bebes,1319,125.91986353297952
PR,bebes,167,132.81586826413175
RS,bebes,218,134.48311926605504
MG,bebes,385,127.37620779220781
DF,bebes,69,126.8604347826087
PE,bebes,42,115.93619047619048
MT,bebes,36,195.4036111111111
GO,bebes,62,166.90354838709678
RJ,bebes,374,117.04491978609626
ES,bebes,62,135.01048387096773
PI,bebes,12,357.7575
CE,bebes,32,143.695
PB,bebes,13,154.04384615384615
MA,bebes,27,195.38074074074072
PA,bebes,45,222.2811111111111
MS,bebes,31,148.7167741935484
RO,bebes,11,201.3081818181818
AL,bebes,7,104.11
SE,bebes,8,180.93625
RN,bebes,22,377.1081818181818
AC,bebes,3,232.61333333333334
RR,bebes,2,494.435
TO,bebes,7,311.3757142857143
AM,bebes,5,131.538
SP,eletronicos,1039,52.93538017322425
CE,eletronicos,46,81.93260869565218
RJ,eletronicos,444,61.876126126126124
MG,eletronicos,301,70.45661129568106
MS,eletronicos,23,71.43130434782609
PR,eletronicos,187,59.91663101604278
BA,eletronicos,110,60.518454545454546
PE,eletronicos,39,49.69384615384615
RS,eletronicos,168,54.044642857142854
SC,eletronicos,125,48.15896
RN,eletronicos,14,26.315714285714282
DF,eletronicos,51,48.19686274509804
ES,eletronicos,82,47.591219512195124
AC,eletronicos,4,121.8875
GO,eletronicos,34,25.669117647058822
MT,eletronicos,26,37.91000000038461
PA,eletronicos,28,102.71000000000001
PI,eletronicos,23,63.68391304347826
AL,eletronicos,14,24.611428571428572
SE,eletronicos,19,58.202105263157904
PB,eletronicos,14,184.88714285714286
RO,eletronicos,6,40.875
TO,eletronicos,7,21.18285714285714
AM,eletronicos,4,14.7375
MA,eletronicos,13,29.45307692307692
AP,eletronicos,4,151.8875
RR,eletronicos,2,13.65
SP,papelaria,1097,85.44525068368277
BA,papelaria,78,95.19166666666666
DF,papelaria,50,100.21979999999999
RS,papelaria,158,86.17664556962025
RJ,papelaria,336,100.0310119047619
GO,papelaria,51,92.32980392156863
CE,papelaria,37,80.00891891891892
AL,papelaria,9,74.82555555555557
PR,papelaria,136,88.41169117647058
PE,papelaria,51,90.3743137254902
MG,papelaria,287,89.54909407665505
SC,papelaria,95,95.53589473684211
ES,papelaria,53,106.94622641509433
MA,papelaria,20,72.7945
MT,papelaria,30,107.602
PB,papelaria,20,116.499
PI,papelaria,11,109.87272727272726
SE,papelaria,3,69.60000000000001
PA,papelaria,24,110.95875000000001
AM,papelaria,6,116.49833333333333
MS,papelaria,22,78.54545454545455
RN,papelaria,15,238.734
RR,papelaria,2,64.99
AC,papelaria,2,264.45
RO,papelaria,9,92.51111111111112
AP,papelaria,2,117.45
TO,papelaria,3,92.26666666666667
RS,fashion_bolsas_e_acessorios,86,101.97860465116278
SP,fashion_bolsas_e_acessorios,900,66.16626666668888
MG,fashion_bolsas_e_acessorios,279,88.95759856623656
GO,fashion_bolsas_e_acessorios,46,69.79739130434783
PR,fashion_bolsas_e_acessorios,122,66.22114754098361
AL,fashion_bolsas_e_acessorios,5,52.739999999999995
RJ,fashion_bolsas_e_acessorios,212,83.89415094292453
DF,fashion_bolsas_e_acessorios,50,79.6396
SC,fashion_bolsas_e_acessorios,83,77.52819277108433
BA,fashion_bolsas_e_acessorios,87,85.8596551724138
PA,fashion_bolsas_e_acessorios,33,68.07121212121211
MS,fashion_bolsas_e_acessorios,15,72.032
MA,fashion_bolsas_e_acessorios,28,84.45428571428572
SE,fashion_bolsas_e_acessorios,9,57.27777777777778
PE,fashion_bolsas_e_acessorios,47,62.21744680851064
CE,fashion_bolsas_e_acessorios,32,86.17281249999999
TO,fashion_bolsas_e_acessorios,12,35.54916666666667
MT,fashion_bolsas_e_acessorios,15,46.284666666666666
PB,fashion_bolsas_e_acessorios,21,86.22190476190477
ES,fashion_bolsas_e_acessorios,53,73.43245283018868
PI,fashion_bolsas_e_acessorios,5,55.56
RO,fashion_bolsas_e_acessorios,9,70.27666666666667
AM,fashion_bolsas_e_acessorios,1,699.99
AC,fashion_bolsas_e_acessorios,1,89.9
RN,fashion_bolsas_e_acessorios,8,181.97375
RN,pet_shop,13,177.0523076923077
MT,pet_shop,16,183.5125
MG,pet_shop,262,126.10736641221374
SP,pet_shop,938,98.90982942427506
RJ,pet_shop,228,119.5819298245614
RS,pet_shop,101,119.44069306930693
GO,pet_shop,28,167.59392857142856
MA,pet_shop,10,84.644
PR,pet_shop,94,91.96840425542553
PA,pet_shop,12,193.31500000000003
SC,pet_shop,86,106.47674418604652
BA,pet_shop,61,92.89639344262295
ES,pet_shop,26,83.50307692269232
TO,pet_shop,4,83.075
CE,pet_shop,16,85.68875
SE,pet_shop,3,57.51333333333333
DF,pet_shop,41,125.4319512195122
RO,pet_shop,8,121.94125
PB,pet_shop,8,98.31
PE,pet_shop,23,124.55565217391305
AM,pet_shop,4,93.6975
MS,pet_shop,25,102.7968
PI,pet_shop,8,176.4725
AP,pet_shop,2,29.9
AL,pet_shop,3,731.9666666666667
SP,moveis_escritorio,683,161.98901903366033
BA,moveis_escritorio,95,153.99789473473683
PB,moveis_escritorio,11,121.0290909090909
RS,moveis_escritorio,69,155.3995652173913
PE,moveis_escritorio,20,175.9785
ES,moveis_escritorio,31,170.50774193548386
MG,moveis_escritorio,165,167.8197575757576
GO,moveis_escritorio,22,143.72409090909093
PR,moveis_escritorio,94,170.5713829787234
RJ,moveis_escritorio,361,148.0564542930748
DF,moveis_escritorio,20,157.1365
MT,moveis_escritorio,19,177.41421052631577
SC,moveis_escritorio,64,179.98546875
PA,moveis_escritorio,27,152.41629629629628
MA,moveis_escritorio,22,160.84863636363636
TO,moveis_escritorio,6,204.42333333333332
SE,moveis_escritorio,3,168.97666666666666
CE,moveis_escritorio,28,168.4557142892857
AL,moveis_escritorio,7,144.26285714285714
PI,moveis_escritorio,9,153.6222222222222
RR,moveis_escritorio,1,289.9
RO,moveis_escritorio,6,181.31000000000003
AM,moveis_escritorio,2,92.4
RN,moveis_escritorio,4,268.6825
MS,moveis_escritorio,4,184.9425
SP,consoles_games,508,133.04513779527556
RS,consoles_games,61,142.63180327868852
GO,consoles_games,22,108.49272727272728
PA,consoles_games,16,130.220625
RJ,consoles_games,152,121.45092105263159
PB,consoles_games,8,129.785
MG,consoles_games,139,148.49179856115109
CE,consoles_games,16,229.00312499999998
DF,consoles_games,28,75.47749999999999
BA,consoles_games,37,99.65513513513514
PR,consoles_games,51,138.49823529411765
ES,consoles_games,26,151.18923076923076
SC,consoles_games,37,129.83648648648648
MA,consoles_games,7,288.7742857142857
MT,consoles_games,9,147.8322222222222
AM,consoles_games,2,211.64999999999998
MS,consoles_games,6,78.01166666666667
PI,consoles_games,9,185.61
PE,consoles_games,20,281.1115
AP,consoles_games,1,85.95
AL,consoles_games,7,383.29714285714283
RN,consoles_games,6,275.82666666666665
SE,consoles_games,6,288.665
TO,consoles_games,4,82.175
RO,consoles_games,1,19.9
AC,consoles_games,1,276.14
MG,malas_acessorios,199,120.60723618090452
SP,malas_acessorios,476,127.6223949579832
PR,malas_acessorios,51,125.84411764705882
BA,malas_acessorios,38,101.65552631578947
MT,malas_acessorios,8,142.44875000000002
RO,malas_acessorios,7,207.35714285714286
PB,malas_acessorios,7,152.3557142857143
SE,malas_acessorios,3,96.56666666666666
RJ,malas_acessorios,126,120.44515873015874
CE,malas_acessorios,29,127.13793103448276
PI,malas_acessorios,6,126.74833333333333
DF,malas_acessorios,24,115.70208333333333
AC,malas_acessorios,3,132.6
RS,malas_acessorios,67,120.77388059701494
GO,malas_acessorios,12,136.06416666666667
MS,malas_acessorios,9,151.73666666666668
PA,malas_acessorios,7,216.51857142857145
MA,malas_acessorios,9,133.60333333333335
SC,malas_acessorios,37,162.8018918918919
AL,malas_acessorios,6,166.56
RN,malas_acessorios,1,299.9
ES,malas_acessorios,16,159.5925
PE,malas_acessorios,13,125.78923076923078
TO,malas_acessorios,2,174.89999999999998
AM,malas_acessorios,3,130.26666666666668
SP,construcao_ferramentas_construcao,439,145.0402050116173
BA,construcao_ferramentas_construcao,36,127.63055555555555
MG,construcao_ferramentas_construcao,122,148.00540983606558
RJ,construcao_ferramentas_construcao,122,161.20532786885246
PR,construcao_ferramentas_construcao,55,173.76036363636362
CE,construcao_ferramentas_construcao,11,167.91454545454545
SC,construcao_ferramentas_construcao,30,165.893333334
PE,construcao_ferramentas_construcao,12,216.1475
SE,construcao_ferramentas_construcao,1,779.9
DF,construcao_ferramentas_construcao,13,101.68769230769232
RS,construcao_ferramentas_construcao,44,126.7875
ES,construcao_ferramentas_construcao,14,208.29857142857145
GO,construcao_ferramentas_construcao,11,112.10545454545453
MT,construcao_ferramentas_construcao,7,459.4114285714286
PA,construcao_ferramentas_construcao,2,243.945
RO,construcao_ferramentas_construcao,4,343.625
AL,construcao_ferramentas_construcao,2,597.5
RN,construcao_ferramentas_construcao,8,206.94625000125
MS,construcao_ferramentas_construcao,14,122.50071428571428
MA,construcao_ferramentas_construcao,1,49.99
PB,construcao_ferramentas_construcao,1,226.9
PI,construcao_ferramentas_construcao,1,210.0
SP,eletrodomesticos,366,101.76554644808743
RJ,eletrodomesticos,94,99.71308510638299
RS,eletrodomesticos,45,143.8062222222222
ES,eletrodomesticos,15,74.73066666666666
MG,eletrodomesticos,96,64.50229166666666
SC,eletrodomesticos,26,118.2503846153846
PR,eletrodomesticos,48,128.47708333333333
MS,eletrodomesticos,8,40.30625
BA,eletrodomesticos,41,68.0680487804878
PA,eletrodomesticos,10,65.05499999999999
AM,eletrodomesticos,2,95.4
GO,eletrodomesticos,14,51.019999999999996
PE,eletrodomesticos,5,47.53
PI,eletrodomesticos,4,77.125
RR,eletrodomesticos,3,318.06
MT,eletrodomesticos,9,116.91000000000001
CE,eletrodomesticos,7,240.12857142857143
MA,eletrodomesticos,3,432.59999999999997
SE,eletrodomesticos,1,80.0
DF,eletrodomesticos,16,113.214375
RN,eletrodomesticos,2,217.125
PB,eletrodomesticos,2,1155.0
TO,eletrodomesticos,1,143.75
AL,eletrodomesticos,3,68.85000000000001
RO,eletrodomesticos,2,130.79
SP,instrumentos_musicais,288,280.64711805555555
BA,instrumentos_musicais,41,267.02926829268296
GO,instrumentos_musicais,9,163.64888888888888
PR,instrumentos_musicais,39,264.52025641025637
MG,instrumentos_musicais,81,330.0708641975309
ES,instrumentos_musicais,23,231.1904347826087
RJ,instrumentos_musicais,82,268.9206097560976
MA,instrumentos_musicais,10,347.70500000000004
DF,instrumentos_musicais,10,253.26
SC,instrumentos_musicais,30,258.063
RS,instrumentos_musicais,32,284.58125
PI,instrumentos_musicais,9,242.60000000000002
PB,instrumentos_musicais,4,251.95
MS,instrumentos_musicais,7,511.7857142857143
PA,instrumentos_musicais,10,173.33700000000002
RN,instrumentos_musicais,2,204.89999999999998
PE,instrumentos_musicais,11,582.7727272727273
CE,instrumentos_musicais,7,465.95285714285717
MT,instrumentos_musicais,6,636.4499999999999
TO,instrumentos_musicais,1,36.9
AP,instrumentos_musicais,2,146.95
SE,instrumentos_musicais,4,717.45
AL,instrumentos_musicais,1,367.0
AC,instrumentos_musicais,1,36.9
RO,instrumentos_musicais,1,39.9
AM,instrumentos_musicais,1,439.0
PR,eletroportateis,42,267.07952380952383
SP,eletroportateis,309,238.7236569579288
MG,eletroportateis,66,265.86348484848486
SE,eletroportateis,3,495.56666666666666
RS,eletroportateis,48,356.30625000000003
RJ,eletroportateis,96,318.5072916666667
PA,eletroportateis,9,374.02777777777777
BA,eletroportateis,19,205.6242105263158
MT,eletroportateis,8,437.8625
MS,eletroportateis,7,42.458571428571425
GO,eletroportateis,11,243.62545454545455
PB,eletroportateis,5,452.27199999999993
DF,eletroportateis,25,637.4051999999999
ES,eletroportateis,3,222.91666666666666
SC,eletroportateis,27,315.59407407407406
CE,eletroportateis,8,630.41125
AC,eletroportateis,1,54.0
PE,eletroportateis,3,260.63
RO,eletroportateis,1,99.9
RN,eletroportateis,5,94.99199999999999
MA,eletroportateis,2,131.45
GO,casa_construcao,15,191.14666666666668
MG,casa_construcao,60,137.8483333335
MT,casa_construcao,7,155.04
MA,casa_construcao,5,142.752
PR,casa_construcao,24,114.50458333333334
SP,casa_construcao,285,125.51298245578946
RJ,casa_construcao,78,120.74397435897437
RS,casa_construcao,43,174.36558139534884
DF,casa_construcao,7,113.37714285714286
SC,casa_construcao,25,155.1248
ES,casa_construcao,17,136.6441176470588
MS,casa_construcao,8,176.0
BA,casa_construcao,14,189.58785714285713
RN,casa_construcao,1,452.6
AM,casa_construcao,4,188.35
PI,casa_construcao,4,205.14999999999998
CE,casa_construcao,10,158.16499999
PE,casa_construcao,7,191.66428571428574
SE,casa_construcao,4,239.7375
PB,casa_construcao,6,184.875
PA,casa_construcao,2,124.89999999999999
AL,casa_construcao,3,210.25
TO,casa_construcao,1,79.9
SP,livros_interesse_geral,229,84.13379912668123
PR,livros_interesse_geral,38,82.425
CE,livros_interesse_geral,8,234.74374999999998
PI,livros_interesse_geral,1,133.9
MG,livros_interesse_geral,53,83.97301886792452
SC,livros_interesse_geral,25,86.0008
RS,livros_interesse_geral,30,89.57833333333333
RJ,livros_interesse_geral,57,74.49561403508773
PE,livros_interesse_geral,8,80.385
RN,livros_interesse_geral,27,53.05925925925926
AM,livros_interesse_geral,1,87.0
PB,livros_interesse_geral,5,36.938
DF,livros_interesse_geral,19,72.02052631578948
ES,livros_interesse_geral,11,144.98636363636365
PA,livros_interesse_geral,6,35.28
MS,livros_interesse_geral,2,115.5
BA,livros_interesse_geral,14,64.91428571428571
GO,livros_interesse_geral,15,137.506
AC,livros_interesse_geral,2,316.9
MA,livros_interesse_geral,3,99.66666666666667
MT,livros_interesse_geral,2,22.25
RO,livros_interesse_geral,1,44.99
SE,livros_interesse_geral,1,135.0
AL,livros_interesse_geral,2,30.5
TO,livros_interesse_geral,1,32.9
SP,moveis_sala,206,117.67101941747572
GO,moveis_sala,11,135.0490909090909
BA,moveis_sala,21,124.77761904761904
RJ,moveis_sala,122,143.09704918040984
MG,moveis_sala,54,151.94203703703704
SC,moveis_sala,12,177.61416666666665
SE,moveis_sala,3,290.33
RS,moveis_sala,24,149.28958333333333
PA,moveis_sala,1,179.99
PE,moveis_sala,4,144.6975
MS,moveis_sala,3,139.6
CE,moveis_sala,2,301.49
MA,moveis_sala,4,379.975
AL,moveis_sala,3,243.26333333333332
MT,moveis_sala,3,173.29333333333332
PR,moveis_sala,17,120.73588235294119
ES,moveis_sala,17,90.17764705882352
DF,moveis_sala,7,200.8085714285714
RO,moveis_sala,1,139.9
PI,moveis_sala,2,109.9
AC,moveis_sala,1,79.9
TO,moveis_sala,2,123.1
PB,moveis_sala,2,71.49
MG,alimentos,39,58.08948717948717
SC,alimentos,16,46.715
PR,alimentos,31,57.38935483870968
SP,alimentos,280,55.00160714285715
BA,alimentos,14,63.07571428571429
ES,alimentos,14,68.83500000000001
RJ,alimentos,49,59.704897959183675
MS,alimentos,4,96.065
PE,alimentos,14,49.67642857142857
RS,alimentos,14,57.87928571428571
GO,alimentos,7,56.92285714285714
MT,alimentos,7,104.91428571428571
RO,alimentos,1,98.99
DF,alimentos,6,56.695
CE,alimentos,5,69.738
PI,alimentos,1,149.9
PB,alimentos,4,76.975
SE,alimentos,1,18.45
AM,alimentos,1,149.9
RN,alimentos,2,34.95
AL,alimentos,1,189.9
SP,casa_conforto,238,134.31189075630252
RJ,casa_conforto,63,125.5820634920635
MA,casa_conforto,2,342.95
TO,casa_conforto,1,599.0
MG,casa_conforto,60,139.23816666666667
SC,casa_conforto,12,135.51583333333335
BA,casa_conforto,12,105.02499999999999
RS,casa_conforto,21,142.47095238095238
PR,casa_conforto,13,125.93076923076924
PE,casa_conforto,8,121.30000000000001
PI,casa_conforto,3,166.29666666666665
MT,casa_conforto,4,171.95
AL,casa_conforto,1,89.9
ES,casa_conforto,13,135.93692307692308
CE,casa_conforto,4,86.65
GO,casa_conforto,9,153.27777777777777
DF,casa_conforto,7,74.5
PB,casa_conforto,1,86.9
RN,casa_conforto,1,89.9
MS,casa_conforto,1,86.9
RO,casa_conforto,1,229.0
SE,casa_conforto,1,219.0
SP,bebidas,220,42.81940909090909
BA,bebidas,5,80.25800000000001
RJ,bebidas,56,102.80785714285715
SC,bebidas,14,63.707857142857144
RS,bebidas,18,59.635555555555555
MG,bebidas,26,74.63846153846154
MS,bebidas,4,49.99
PR,bebidas,15,96.62133333333333
CE,bebidas,4,51.49
DF,bebidas,5,58.474000000000004
AL,bebidas,1,15.49
GO,bebidas,7,55.08142857142857
ES,bebidas,5,109.28400000000002
AM,bebidas,1,47.49
PI,bebidas,1,90.0
PA,bebidas,1,105.0
MT,bebidas,1,19.49
SP,audio,150,120.34720000000002
RS,audio,17,143.29999999999998
BA,audio,14,102.19214285714285
RJ,audio,59,169.14305084745763
MG,audio,37,153.42945945945948
ES,audio,14,85.55571428571429
SC,audio,12,156.03833333333333
PR,audio,19,151.1142105263158
GO,audio,7,282.1257142857143
CE,audio,6,160.315
DF,audio,16,128.014375
MT,audio,4,167.95
AM,audio,1,89.9
PI,audio,5,51.92
AL,audio,4,80.025
PE,audio,4,110.4475
MA,audio,3,244.62666666666667
RN,audio,1,189.0
PB,audio,1,79.0
TO,audio,1,175.0
MS,audio,1,190.9
PA,audio,1,568.0
SP,market_place,120,83.50516666666667
RS,market_place,20,97.277
SC,market_place,14,103.47785714285715
PR,market_place,18,55.82388888888889
AL,market_place,3,73.3
CE,market_place,4,139.5875
PI,market_place,4,55.72
MG,market_place,39,79.14666666666668
SE,market_place,3,177.9333333333333
RJ,market_place,40,79.356
PB,market_place,3,140.93333333333334
DF,market_place,4,81.67750000000001
GO,market_place,13,33.434615384615384
TO,market_place,1,62.8
ES,market_place,8,107.22125
PA,market_place,6,91.32666666666667
BA,market_place,4,533.9225
AM,market_place,1,180.0
PE,market_place,4,68.74
MA,market_place,9,74.69777777777779
MT,market_place,5,132.448
RO,market_place,1,149.99
AC,market_place,1,62.8
RN,market_place,3,53.23333333333333
MS,market_place,2,59.445
SP,construcao_ferramentas_iluminacao,150,131.48706666733332
RJ,construcao_ferramentas_iluminacao,21,155.13857142857142
BA,construcao_ferramentas_iluminacao,6,124.00999999999999
MG,construcao_ferramentas_iluminacao,39,151.87641025641025
RS,construcao_ferramentas_iluminacao,24,93.85541666666667
PR,construcao_ferramentas_iluminacao,13,158.60615384615386
MA,construcao_ferramentas_iluminacao,1,250.0
MS,construcao_ferramentas_iluminacao,9,100.55333333333334
GO,construcao_ferramentas_iluminacao,5,197.0
ES,construcao_ferramentas_iluminacao,7,107.47142857142856
SC,construcao_ferramentas_iluminacao,14,100.66857142857144
CE,construcao_ferramentas_iluminacao,1,219.9
PE,construcao_ferramentas_iluminacao,3,128.32666666666668
TO,construcao_ferramentas_iluminacao,2,137.0
DF,construcao_ferramentas_iluminacao,4,197.0
MT,construcao_ferramentas_iluminacao,3,216.66333333333333
PA,construcao_ferramentas_iluminacao,1,29.0
PI,construcao_ferramentas_iluminacao,1,297.0
SE,construcao_ferramentas_iluminacao,1,230.0
RS,moveis_cozinha_area_de_servico_jantar_e_jardim,15,145.84
SP,moveis_cozinha_area_de_servico_jantar_e_jardim,145,168.208
DF,moveis_cozinha_area_de_servico_jantar_e_jardim,5,264.76
SC,moveis_cozinha_area_de_servico_jantar_e_jardim,7,102.06857142857143
RJ,moveis_cozinha_area_de_servico_jantar_e_jardim,58,152.53862068965518
MG,moveis_cozinha_area_de_servico_jantar_e_jardim,29,134.01586206896553
PE,moveis_cozinha_area_de_servico_jantar_e_jardim,4,262.97
PR,moveis_cozinha_area_de_servico_jantar_e_jardim,14,245.64928571428572
ES,moveis_cozinha_area_de_servico_jantar_e_jardim,1,48.0
MT,moveis_cozinha_area_de_servico_jantar_e_jardim,3,220.0
CE,moveis_cozinha_area_de_servico_jantar_e_jardim,1,140.0
BA,moveis_cozinha_area_de_servico_jantar_e_jardim,3,67.3
GO,moveis_cozinha_area_de_servico_jantar_e_jardim,4,76.44
RN,moveis_cozinha_area_de_servico_jantar_e_jardim,3,149.96666666666667
AL,moveis_cozinha_area_de_servico_jantar_e_jardim,2,72.0
TO,moveis_cozinha_area_de_servico_jantar_e_jardim,1,129.0
PB,moveis_cozinha_area_de_servico_jantar_e_jardim,1,409.0
PA,moveis_cozinha_area_de_servico_jantar_e_jardim,1,48.9
PE,climatizacao,2,138.45
SP,climatizacao,138,166.1205797101449
RS,climatizacao,15,113.47933333333334
BA,climatizacao,6,138.81
GO,climatizacao,7,134.41285714285715
MG,climatizacao,21,214.52428571428572
RJ,climatizacao,68,238.75588235294117
MA,climatizacao,1,199.0
DF,climatizacao,3,156.0
PR,climatizacao,14,264.73785714285714
CE,climatizacao,2,223.07999999999998
AL,climatizacao,1,540.0
PI,climatizacao,3,156.29999999999998
ES,climatizacao,5,142.18
MT,climatizacao,5,117.16
PB,climatizacao,1,35.9
AM,climatizacao,1,89.0
SC,climatizacao,4,149.9
BA,alimentos_bebidas,8,68.8025
RJ,alimentos_bebidas,56,58.78625
SP,alimentos_bebidas,140,49.14842857142857
PR,alimentos_bebidas,18,41.126666666666665
MA,alimentos_bebidas,3,47.660000000000004
ES,alimentos_bebidas,7,44.42857142857143
CE,alimentos_bebidas,4,72.965
DF,alimentos_bebidas,4,77.6975
PI,alimentos_bebidas,1,215.56
PE,alimentos_bebidas,6,139.50166666666667
MS,alimentos_bebidas,1,18.6
MG,alimentos_bebidas,26,73.61153846153846
RS,alimentos_bebidas,6,41.5
AL,alimentos_bebidas,1,44.06
SC,alimentos_bebidas,3,30.23333333333333
PA,alimentos_bebidas,1,64.6
SE,alimentos_bebidas,1,119.9
RN,alimentos_bebidas,4,89.0125
RS,fashion_calcados,10,74.28
CE,fashion_calcados,3,83.23333333333333
SP,fashion_calcados,96,78.46979166666667
MG,fashion_calcados,43,74.29023255813954
RJ,fashion_calcados,31,80.51322580645162
ES,fashion_calcados,5,156.06
PE,fashion_calcados,11,111.03818181818183
PR,fashion_calcados,20,51.141000000000005
MA,fashion_calcados,1,27.9
SC,fashion_calcados,7,107.15714285714286
PA,fashion_calcados,4,135.6
GO,fashion_calcados,7,146.04285714285714
DF,fashion_calcados,8,137.81125
BA,fashion_calcados,8,118.775
PI,fashion_calcados,1,199.7
MS,fashion_calcados,4,136.5
AC,fashion_calcados,2,147.8
RN,fashion_calcados,2,199.7
AL,fashion_calcados,3,115.47333333333331
MT,fashion_calcados,3,159.5
TO,fashion_calcados,1,199.7
RO,fashion_calcados,1,169.79
PB,fashion_calcados,2,71.82
MG,livros_tecnicos,30,64.2
SP,livros_tecnicos,114,65.87535087719299
MS,livros_tecnicos,4,42.7125
MT,livros_tecnicos,5,60.257999999999996
SC,livros_tecnicos,10,97.523
RJ,livros_tecnicos,28,56.48857142857143
BA,livros_tecnicos,11,75.94727272727272
DF,livros_tecnicos,6,114.625
PR,livros_tecnicos,15,117.63000000000001
CE,livros_tecnicos,3,85.33333333333333
ES,livros_tecnicos,14,81.32857142857142
RS,livros_tecnicos,12,76.13
PE,livros_tecnicos,4,78.3475
PI,livros_tecnicos,2,60.0
MA,livros_tecnicos,3,35.26333333333333
PA,livros_tecnicos,2,74.445
RN,livros_tecnicos,1,65.0
TO,livros_tecnicos,2,102.3
GO,livros_tecnicos,3,65.55
SP,industria_comercio_e_negocios,129,144.64108527131785
PR,industria_comercio_e_negocios,13,101.37461538461538
RJ,industria_comercio_e_negocios,29,112.57241379310345
PI,industria_comercio_e_negocios,3,291.43333333333334
AL,industria_comercio_e_negocios,1,199.0
RS,industria_comercio_e_negocios,24,134.31208333333333
SC,industria_comercio_e_negocios,15,93.392
MG,industria_comercio_e_negocios,17,98.58588235294118
GO,industria_comercio_e_negocios,5,262.428
CE,industria_comercio_e_negocios,2,124.0
MA,industria_comercio_e_negocios,1,125.0
PB,industria_comercio_e_negocios,3,1107.3233333333333
BA,industria_comercio_e_negocios,5,93.0
PE,industria_comercio_e_negocios,4,382.225
TO,industria_comercio_e_negocios,1,69.0
ES,industria_comercio_e_negocios,2,68.0
MT,industria_comercio_e_negocios,3,93.66666666666667
DF,industria_comercio_e_negocios,6,212.0
SE,industria_comercio_e_negocios,3,84.0
RO,industria_comercio_e_negocios,1,79.9
RN,industria_comercio_e_negocios,1,150.0
MS,industria_comercio_e_negocios,1,89.9
SP,telefonia_fixa,120,134.411
RS,telefonia_fixa,19,127.61894736842106
RJ,telefonia_fixa,38,552.1439473684211
PE,telefonia_fixa,3,29.959999999999997
AL,telefonia_fixa,5,154.372
CE,telefonia_fixa,4,92.4475
BA,telefonia_fixa,12,344.3183333333333
MG,telefonia_fixa,16,77.100625
SE,telefonia_fixa,2,34.99
PR,telefonia_fixa,6,46.61333333333334
TO,telefonia_fixa,2,695.495
PB,telefonia_fixa,5,369.158
PI,telefonia_fixa,2,155.0
ES,telefonia_fixa,10,833.677
SC,telefonia_fixa,7,273.84000000000003
AM,telefonia_fixa,1,19.99
AP,telefonia_fixa,6,38.82333333333333
DF,telefonia_fixa,3,24.326666666666664
MA,telefonia_fixa,1,90.0
MS,telefonia_fixa,1,32.99
GO,telefonia_fixa,6,68.29666666666667
SC,eletrodomesticos_2,17,469.96352941176474
SP,eletrodomesticos_2,102,351.9672549019608
RJ,eletrodomesticos_2,48,630.385625
CE,eletrodomesticos_2,3,884.6333333333333
PR,eletrodomesticos_2,16,459.98875000000004
MG,eletrodomesticos_2,21,310.92047619047617
ES,eletrodomesticos_2,3,383.33
RS,eletrodomesticos_2,12,900.015
MS,eletrodomesticos_2,4,192.4225
BA,eletrodomesticos_2,6,342.2966666666666
PE,eletrodomesticos_2,2,479.995
GO,eletrodomesticos_2,3,512.6333333333333
DF,eletrodomesticos_2,5,546.78
AL,eletrodomesticos_2,2,1172.5
MT,eletrodomesticos_2,3,271.93
RN,eletrodomesticos_2,2,719.95
SE,eletrodomesticos_2,1,119.99
TO,eletrodomesticos_2,16,412.928125
PI,eletrodomesticos_2,1,599.5
AM,eletrodomesticos_2,1,540.0
MT,agro_industria_e_comercio,2,265.0
MS,agro_industria_e_comercio,3,175.63
SP,agro_industria_e_comercio,118,300.110593220339
PR,agro_industria_e_comercio,12,408.6275
BA,agro_industria_e_comercio,5,451.4
MG,agro_industria_e_comercio,22,593.954090909091
PE,agro_industria_e_comercio,5,1122.384
RJ,agro_industria_e_comercio,44,214.56454545454545
PB,agro_industria_e_comercio,2,264.495
RS,agro_industria_e_comercio,9,350.6588888888889
PI,agro_industria_e_comercio,3,106.32666666666667
AL,agro_industria_e_comercio,1,1476.3
AP,agro_industria_e_comercio,1,589.99
ES,agro_industria_e_comercio,2,221.15
GO,agro_industria_e_comercio,7,328.34142857142854
CE,agro_industria_e_comercio,6,75.48333333333333
SC,agro_industria_e_comercio,3,356.66
MA,agro_industria_e_comercio,1,559.99
PA,agro_industria_e_comercio,2,554.99
RO,agro_industria_e_comercio,4,22.0
SP,construcao_ferramentas_jardim,100,75.0715
RJ,construcao_ferramentas_jardim,40,163.42874999999998
MG,construcao_ferramentas_jardim,34,79.43764705852942
PR,construcao_ferramentas_jardim,6,108.09833333333334
GO,construcao_ferramentas_jardim,7,56.67142857142857
SC,construcao_ferramentas_jardim,5,46.839999999999996
RS,construcao_ferramentas_jardim,7,144.71142857142857
DF,construcao_ferramentas_jardim,5,82.14000000000001
CE,construcao_ferramentas_jardim,8,248.5
BA,construcao_ferramentas_jardim,8,196.17375
PE,construcao_ferramentas_jardim,7,162.92000000000002
PB,construcao_ferramentas_jardim,1,599.9
PI,construcao_ferramentas_jardim,4,75.075
RO,construcao_ferramentas_jardim,2,50.185
MS,construcao_ferramentas_jardim,2,90.495
PA,construcao_ferramentas_jardim,1,139.9
ES,construcao_ferramentas_jardim,5,97.96000000000001
RN,construcao_ferramentas_jardim,3,54.56666666666666
AM,construcao_ferramentas_jardim,2,66.4
SP,artes,105,143.26838095238097
RJ,artes,35,91.51114285714286
RS,artes,9,67.93777777777777
PR,artes,9,78.97999999999999
MG,artes,19,75.87052631578948
PB,artes,1,110.99
BA,artes,10,89.89500000000001
DF,artes,6,94.29833333333333
MS,artes,1,129.99
RO,artes,2,74.32
GO,artes,4,102.3925
ES,artes,1,49.9
SC,artes,6,70.365
AP,artes,1,99.99
PA,artes,2,84.945
MT,artes,1,69.99
AM,artes,1,58.35
PI,artes,2,110.99
PE,artes,1,110.99
RN,artes,1,79.99
MG,pcs,20,1120.5
DF,pcs,7,1540.9985714285715
PR,pcs,4,1669.245
GO,pcs,7,751.4242857142857
BA,pcs,25,841.7596000000001
SP,pcs,68,1065.305294117647
SE,pcs,2,1250.0
SC,pcs,6,1211.6633333333332
MT,pcs,2,1444.995
CE,pcs,7,1219.1128571428574
PB,pcs,5,1693.6
PI,pcs,4,799.995
RJ,pcs,23,1011.3239130434783
RS,pcs,7,1135.412857142857
ES,pcs,2,664.5
PE,pcs,10,959.6969999999999
MA,pcs,5,1357.396
MS,pcs,1,599.0
RO,pcs,2,1249.95
PA,pcs,4,829.75
AL,pcs,2,1024.995
AC,pcs,1,1200.0
AP,pcs,1,1437.0
TO,pcs,1,1200.0
AM,pcs,1,1340.0
SC,sinalizacao_e_seguranca,10,61.25
SP,sinalizacao_e_seguranca,94,83.99180851063831
PR,sinalizacao_e_seguranca,5,69.474
ES,sinalizacao_e_seguranca,6,143.31666666666666
RJ,sinalizacao_e_seguranca,19,122.60736842105263
SE,sinalizacao_e_seguranca,2,84.99
BA,sinalizacao_e_seguranca,6,120.97333333333331
RN,sinalizacao_e_seguranca,1,75.0
MG,sinalizacao_e_seguranca,11,68.58636363636364
RS,sinalizacao_e_seguranca,17,81.90882352941176
PE,sinalizacao_e_seguranca,2,38.9
PB,sinalizacao_e_seguranca,6,175.0
GO,sinalizacao_e_seguranca,6,178.5566666666667
MS,sinalizacao_e_seguranca,1,358.0
MT,sinalizacao_e_seguranca,6,486.5666667
DF,sinalizacao_e_seguranca,4,156.5075
PA,sinalizacao_e_seguranca,3,49.9
SC,construcao_ferramentas_seguranca,14,232.46714285714285
GO,construcao_ferramentas_seguranca,7,88.91428571428571
SP,construcao_ferramentas_seguranca,69,216.18347826086955
MG,construcao_ferramentas_seguranca,29,260.23310344827587
BA,construcao_ferramentas_seguranca,7,340.7042857142857
RS,construcao_ferramentas_seguranca,8,142.15125
RJ,construcao_ferramentas_seguranca,16,169.214375
MT,construcao_ferramentas_seguranca,4,265.89750000000004
PB,construcao_ferramentas_seguranca,8,73.7375
PR,construcao_ferramentas_seguranca,18,121.36166666666665
RN,construcao_ferramentas_seguranca,1,138.9
PE,construcao_ferramentas_seguranca,4,254.04500000000002
CE,construcao_ferramentas_seguranca,5,176.526
DF,construcao_ferramentas_seguranca,3,173.39333333333335
SE,construcao_ferramentas_seguranca,1,77.9
MS,construcao_ferramentas_seguranca,2,1092.945
RO,construcao_ferramentas_seguranca,1,339.9
SC,artigos_de_natal,14,64.15142857142857
DF,artigos_de_natal,8,38.9
SP,artigos_de_natal,52,41.73076923076923
MT,artigos_de_natal,1,79.9
PE,artigos_de_natal,4,93.1125
BA,artigos_de_natal,10,70.321
MG,artigos_de_natal,19,66.9121052631579
PR,artigos_de_natal,6,31.69333333333333
AC,artigos_de_natal,1,69.9
RJ,artigos_de_natal,15,41.02133333333334
CE,artigos_de_natal,2,79.9
RN,artigos_de_natal,1,19.83
RS,artigos_de_natal,6,80.81666666666668
MA,artigos_de_natal,1,116.9
MS,artigos_de_natal,2,17.8
ES,artigos_de_natal,1,116.9
GO,artigos_de_natal,3,120.56666666666668
RO,artigos_de_natal,2,69.45
RJ,fashion_roupa_masculina,16,77.623125
SP,fashion_roupa_masculina,61,73.1783606557377
MA,fashion_roupa_masculina,1,59.9
PR,fashion_roupa_masculina,13,91.63615384615385
PA,fashion_roupa_masculina,2,128.445
GO,fashion_roupa_masculina,3,102.86666666666667
MG,fashion_roupa_masculina,20,76.8365
RS,fashion_roupa_masculina,9,70.97666666666666
BA,fashion_roupa_masculina,13,93.87692307692308
ES,fashion_roupa_masculina,2,125.4
SC,fashion_roupa_masculina,2,44.945
MT,fashion_roupa_masculina,1,147.5
CE,fashion_roupa_masculina,1,29.99
SP,fashion_underwear_e_moda_praia,65,65.68846153846154
PR,fashion_underwear_e_moda_praia,6,44.26333333333333
MG,fashion_underwear_e_moda_praia,18,59.48888888888889
BA,fashion_underwear_e_moda_praia,7,102.65714285714286
GO,fashion_underwear_e_moda_praia,6,86.26666666666667
MS,fashion_underwear_e_moda_praia,3,147.29999999999998
RJ,fashion_underwear_e_moda_praia,17,79.96882352941176
RS,fashion_underwear_e_moda_praia,3,132.6
SC,fashion_underwear_e_moda_praia,8,45.9
PA,fashion_underwear_e_moda_praia,3,60.56666666666666
ES,fashion_underwear_e_moda_praia,1,110.0
DF,fashion_underwear_e_moda_praia,2,73.075
PE,fashion_underwear_e_moda_praia,2,100.95
MT,fashion_underwear_e_moda_praia,1,79.9
PI,fashion_underwear_e_moda_praia,1,152.0
PR,moveis_quarto,9,32.586666666666666
SP,moveis_quarto,56,191.1242857142857
RJ,moveis_quarto,32,147.43625
RN,moveis_quarto,3,84.0
MS,moveis_quarto,1,179.0
PE,moveis_quarto,1,129.0
MG,moveis_quarto,7,319.6857142857143
BA,moveis_quarto,4,166.75
SC,moveis_quarto,3,267.6666666666667
SE,moveis_quarto,2,134.99
RS,moveis_quarto,3,228.33333333333334
ES,moveis_quarto,1,99.9
DF,moveis_quarto,1,510.0
GO,moveis_quarto,1,159.0
MT,moveis_quarto,2,234.9
SP,construcao_ferramentas_ferramentas,32,210.7296875
RJ,construcao_ferramentas_ferramentas,9,119.18666666666667
MG,construcao_ferramentas_ferramentas,19,97.84736842105262
RS,construcao_ferramentas_ferramentas,9,127.03333333333333
GO,construcao_ferramentas_ferramentas,7,361.35714285714283
SC,construcao_ferramentas_ferramentas,5,99.12
BA,construcao_ferramentas_ferramentas,5,117.94000000000001
PR,construcao_ferramentas_ferramentas,6,34.53
CE,construcao_ferramentas_ferramentas,1,93.0
ES,construcao_ferramentas_ferramentas,4,128.4975
MT,construcao_ferramentas_ferramentas,1,190.0
PB,construcao_ferramentas_ferramentas,1,309.0
MS,construcao_ferramentas_ferramentas,1,6.8
PE,construcao_ferramentas_ferramentas,1,190.0
